final_flag,count,target_rate
DEV,183739,0.153195565448816
DEV-OOS,183480,0.17346304774362328
OOT,61173,0.1290602063001651
OOT-OOS,61351,0.14488761389382407
