final_flag,total,positive,positive_rate
DEV,365051,55734,0.15267455780151268
DEV-OOS,364823,63125,0.17302911274782565
OOT,121681,15700,0.1290258955794249
OOT-OOS,122160,17549,0.14365586116568435
