label,count,ratio
0,412984,0.8432667746144407
1,76759,0.15673322538555937
