segment,count,ratio
B2,327205,0.6681157260032302
E3,144357,0.2947607214396122
E2,18181,0.03712355255715753
