final_flag,n_samples,model_score_auc,model_score_ks,gcard_v2_auc,gcard_v2_ks,auc_uplift_vs_gcard_v2,ks_uplift_vs_gcard_v2,gcard_v4_auc,gcard_v4_ks,auc_uplift_vs_gcard_v4,ks_uplift_vs_gcard_v4,gcard_v5_auc,gcard_v5_ks,auc_uplift_vs_gcard_v5,ks_uplift_vs_gcard_v5,gcard_v6_auc,gcard_v6_ks,auc_uplift_vs_gcard_v6,ks_uplift_vs_gcard_v6
DEV,365051,0.95348294315833,0.7651539174791273,0.9292208260205501,0.7136370327558772,0.024262,0.051517,0.9246031120607758,0.707026064378672,0.02888,0.058128,0.9260800577324911,0.7084929862207363,0.027403,0.056661,0.9364342470676208,0.7296092953841975,0.017049,0.035545
DEV-OOS,364823,0.9337692615702715,0.7219671364761916,0.9260616762859801,0.7029652053085593,0.007708,0.019002,0.9214902975600452,0.6943712704701916,0.012279,0.027596,0.9235418674329696,0.7003486911736339,0.010227,0.021618,0.9335425779986268,0.7195937848017843,0.000227,0.002373
OOT,121681,0.9357900839334439,0.7363096618027375,0.9281304265862041,0.7173208865368634,0.00766,0.018989,0.9231770478143638,0.7091854677615197,0.012613,0.027124,0.9268891305297663,0.7131283278333089,0.008901,0.023181,0.9355616338393068,0.7341663506924718,0.000228,0.002143
OOT-OOS,122160,0.9306553026728805,0.7190086524672934,0.9213720818800136,0.6977453304465322,0.009283,0.021263,0.9167101587724888,0.685445584942804,0.013945,0.033563,0.9201311500172812,0.6936208025525775,0.010524,0.025388,0.9296665096302585,0.7162446623622785,0.000989,0.002764
