final_flag,n_samples,model_score_auc,model_score_ks,gcard_v2_auc,gcard_v2_ks,auc_uplift_vs_gcard_v2,ks_uplift_vs_gcard_v2,gcard_v4_auc,gcard_v4_ks,auc_uplift_vs_gcard_v4,ks_uplift_vs_gcard_v4,gcard_v5_auc,gcard_v5_ks,auc_uplift_vs_gcard_v5,ks_uplift_vs_gcard_v5,gcard_v6_auc,gcard_v6_ks,auc_uplift_vs_gcard_v6,ks_uplift_vs_gcard_v6
DEV,183739,0.9454782172964716,0.7486010109781718,0.9292738715628627,0.7141907302495427,0.016204,0.03441,0.9249416979738968,0.7083259362789369,0.020537,0.040275,0.9264364529498273,0.7098220167032866,0.019042,0.038779,0.9367935709699249,0.7309617590542226,0.008685,0.017639
DEV-OOS,183480,0.9324850770704717,0.7164854495218125,0.9259370733597045,0.7038200456930981,0.006548,0.012665,0.9214899812666204,0.6938746177024521,0.010995,0.022611,0.9232550020882132,0.7005919404477734,0.00923,0.015894,0.9335679118809683,0.7196854443216948,-0.001083,-0.0032
OOT,61173,0.9342264543732648,0.7328735545395605,0.9285148934521257,0.7175553288836849,0.005712,0.015318,0.9230971405757591,0.709733538253707,0.011129,0.02314,0.927598438636577,0.7147744925639008,0.006628,0.018099,0.9358097729687774,0.7338111461952732,-0.001583,-0.000938
OOT-OOS,61351,0.9300969438007831,0.7185632230796077,0.9215022547363674,0.700376267362946,0.008595,0.018187,0.9174731623111531,0.6880913602578937,0.012624,0.030472,0.920668484305301,0.6926983163196526,0.009428,0.025865,0.9299017438800257,0.7160591761902659,0.000195,0.002504
