intent_level,1,2,3,4,5,6,7
中意愿,0.003413,0.005022,0.00437,0.00424,0.005078,0.005655,0.007136
低意愿,0.0,0.0,0.003067,0.0,0.001617,0.001835,0.002218
高意愿,0.088151,0.070472,0.059547,0.050056,0.05243,0.066983,0.118852
