intent_level,1,2,3,4,5,6,7
中意愿,0.351073,0.365507,0.36671,0.380054,0.381228,0.386191,0.385321
低意愿,0.134499,0.122661,0.125992,0.132387,0.142584,0.142775,0.118812
高意愿,0.740588,0.770243,0.765493,0.772603,0.76114,0.75987,0.758247
