final_flag,n_samples,model_score_auc,model_score_ks,gcard_v2_auc,gcard_v2_ks,auc_uplift_vs_gcard_v2,ks_uplift_vs_gcard_v2,gcard_v4_auc,gcard_v4_ks,auc_uplift_vs_gcard_v4,ks_uplift_vs_gcard_v4,gcard_v5_auc,gcard_v5_ks,auc_uplift_vs_gcard_v5,ks_uplift_vs_gcard_v5,gcard_v6_auc,gcard_v6_ks,auc_uplift_vs_gcard_v6,ks_uplift_vs_gcard_v6
DEV,3600000,0.9386036640514402,0.7342545813811397,0.9293541852303815,0.7128717018447747,0.009249,0.021383,0.9246900810597988,0.7055775239299678,0.013914,0.028677,0.9263030758166584,0.7073242302297612,0.012301,0.02693,0.9363881095256095,0.7282439956055183,0.002216,0.006011
DEV-OOS,3600000,0.9332566288972678,0.7202751031674597,0.9251700635607276,0.7019509897022846,0.008087,0.018324,0.9201445293406312,0.6911141912374525,0.013112,0.029161,0.922193502788889,0.6971757131640206,0.011063,0.023099,0.9325716970067972,0.7173952369234982,0.000685,0.00288
OOT,1200000,0.9363136508774058,0.7356204499371735,0.9286924518180828,0.7182550288446671,0.007621,0.017365,0.9229373310041687,0.7083705253756165,0.013376,0.02725,0.9274147859129882,0.7136596948385349,0.008899,0.021961,0.9357049895237733,0.7335157958585128,0.000609,0.002105
OOT-OOS,1200000,0.9308758552530936,0.7181498178203968,0.9218989368087569,0.6989286182710859,0.008977,0.019221,0.9163054091511053,0.6856463085164519,0.01457,0.032504,0.9207005511057862,0.6954710773072368,0.010175,0.022679,0.9296756473316192,0.7155380354499719,0.0012,0.002612
