final_flag,n_samples,model_score_auc,model_score_ks,gcard_v2_auc,gcard_v2_ks,auc_uplift_vs_gcard_v2,ks_uplift_vs_gcard_v2,gcard_v4_auc,gcard_v4_ks,auc_uplift_vs_gcard_v4,ks_uplift_vs_gcard_v4,gcard_v5_auc,gcard_v5_ks,auc_uplift_vs_gcard_v5,ks_uplift_vs_gcard_v5,gcard_v6_auc,gcard_v6_ks,auc_uplift_vs_gcard_v6,ks_uplift_vs_gcard_v6
DEV,365051,0.9422270496708375,0.7411840255486482,0.9292208260205501,0.7136370327558772,0.013006,0.027547,0.9246031120607758,0.707026064378672,0.017624,0.034158,0.9260800577324911,0.7084929862207363,0.016147,0.032691,0.9364342470676208,0.7296092953841975,0.005793,0.011575
DEV-OOS,364823,0.9331196793278755,0.7203370587425666,0.9260616762859801,0.7029652053085593,0.007058,0.017372,0.9214902975600452,0.6943712704701916,0.011629,0.025966,0.9235418674329696,0.7003486911736339,0.009578,0.019988,0.9335425779986268,0.7195937848017843,-0.000423,0.000743
OOT,121681,0.9352197575734192,0.7349731351317208,0.9281304265862041,0.7173208865368634,0.007089,0.017652,0.9231770478143638,0.7091854677615197,0.012043,0.025788,0.9268891305297663,0.7131283278333089,0.008331,0.021845,0.9355616338393068,0.7341663506924718,-0.000342,0.000807
OOT-OOS,122160,0.9300790171984976,0.718465492545366,0.9213720818800136,0.6977453304465322,0.008707,0.02072,0.9167101587724888,0.685445584942804,0.013369,0.03302,0.9201311500172812,0.6936208025525775,0.009948,0.024845,0.9296665096302585,0.7162446623622785,0.000413,0.002221
