{
  "generated_at": "2026-06-09 10:25:14",
  "scores_source": "/root/notebook/自动化建模/jy-model-agent/projects/2026-05-fujie-gcard-v1/runs/model_scores/scores_all_splits.feather",
  "score_columns_evaluated": [
    "model_score",
    "gcard_v2",
    "gcard_v4",
    "gcard_v5",
    "gcard_v6"
  ],
  "label_column": "ftr_30d_ord_flag",
  "split_column": "final_flag",
  "splits_evaluated": [
    "DEV",
    "DEV-OOS",
    "OOT-OOS",
    "OOT"
  ],
  "n_total_samples": 9600000,
  "n_score_columns": 5,
  "overall_metrics": {
    "model_score": {
      "DEV": {
        "auc": 0.9386036640514402,
        "ks": 0.7342545813811397
      },
      "DEV-OOS": {
        "auc": 0.9332566288972678,
        "ks": 0.7202751031674597
      },
      "OOT-OOS": {
        "auc": 0.9308758552530936,
        "ks": 0.7181498178203968
      },
      "OOT": {
        "auc": 0.9363136508774058,
        "ks": 0.7356204499371735
      }
    },
    "gcard_v2": {
      "DEV": {
        "auc": 0.9293541852303815,
        "ks": 0.7128717018447747
      },
      "DEV-OOS": {
        "auc": 0.9251700635607276,
        "ks": 0.7019509897022846
      },
      "OOT-OOS": {
        "auc": 0.9218989368087569,
        "ks": 0.6989286182710859
      },
      "OOT": {
        "auc": 0.9286924518180828,
        "ks": 0.7182550288446671
      }
    },
    "gcard_v4": {
      "DEV": {
        "auc": 0.9246900810597988,
        "ks": 0.7055775239299678
      },
      "DEV-OOS": {
        "auc": 0.9201445293406312,
        "ks": 0.6911141912374525
      },
      "OOT-OOS": {
        "auc": 0.9163054091511053,
        "ks": 0.6856463085164519
      },
      "OOT": {
        "auc": 0.9229373310041687,
        "ks": 0.7083705253756165
      }
    },
    "gcard_v5": {
      "DEV": {
        "auc": 0.9263030758166584,
        "ks": 0.7073242302297612
      },
      "DEV-OOS": {
        "auc": 0.922193502788889,
        "ks": 0.6971757131640206
      },
      "OOT-OOS": {
        "auc": 0.9207005511057862,
        "ks": 0.6954710773072368
      },
      "OOT": {
        "auc": 0.9274147859129882,
        "ks": 0.7136596948385349
      }
    },
    "gcard_v6": {
      "DEV": {
        "auc": 0.9363881095256095,
        "ks": 0.7282439956055183
      },
      "DEV-OOS": {
        "auc": 0.9325716970067972,
        "ks": 0.7173952369234982
      },
      "OOT-OOS": {
        "auc": 0.9296756473316192,
        "ks": 0.7155380354499719
      },
      "OOT": {
        "auc": 0.9357049895237733,
        "ks": 0.7335157958585128
      }
    }
  },
  "output_dir": "/root/notebook/自动化建模/jy-model-agent/projects/2026-05-fujie-gcard-v1/runs/model_eval"
}