{
  "generated_at": "2026-06-15 16:11:11",
  "scores_source": "/root/notebook/自动化建模/jy-model-agent/projects/2026-05-fujie-gcard-v1/runs/model_scores/scores_all_splits.feather",
  "score_columns_evaluated": [
    "model_score",
    "gcard_v2",
    "gcard_v4",
    "gcard_v5",
    "gcard_v6"
  ],
  "label_column": "ftr_30d_ord_flag",
  "split_column": "final_flag",
  "splits_evaluated": [
    "DEV",
    "OOT-OOS",
    "DEV-OOS",
    "OOT"
  ],
  "n_total_samples": 973715,
  "n_score_columns": 5,
  "overall_metrics": {
    "model_score": {
      "DEV": {
        "auc": 0.9422270496708375,
        "ks": 0.7411840255486482
      },
      "OOT-OOS": {
        "auc": 0.9300790171984976,
        "ks": 0.718465492545366
      },
      "DEV-OOS": {
        "auc": 0.9331196793278755,
        "ks": 0.7203370587425666
      },
      "OOT": {
        "auc": 0.9352197575734192,
        "ks": 0.7349731351317208
      }
    },
    "gcard_v2": {
      "DEV": {
        "auc": 0.9292208260205501,
        "ks": 0.7136370327558772
      },
      "OOT-OOS": {
        "auc": 0.9213720818800136,
        "ks": 0.6977453304465322
      },
      "DEV-OOS": {
        "auc": 0.9260616762859801,
        "ks": 0.7029652053085593
      },
      "OOT": {
        "auc": 0.9281304265862041,
        "ks": 0.7173208865368634
      }
    },
    "gcard_v4": {
      "DEV": {
        "auc": 0.9246031120607758,
        "ks": 0.707026064378672
      },
      "OOT-OOS": {
        "auc": 0.9167101587724888,
        "ks": 0.685445584942804
      },
      "DEV-OOS": {
        "auc": 0.9214902975600452,
        "ks": 0.6943712704701916
      },
      "OOT": {
        "auc": 0.9231770478143638,
        "ks": 0.7091854677615197
      }
    },
    "gcard_v5": {
      "DEV": {
        "auc": 0.9260800577324911,
        "ks": 0.7084929862207363
      },
      "OOT-OOS": {
        "auc": 0.9201311500172812,
        "ks": 0.6936208025525775
      },
      "DEV-OOS": {
        "auc": 0.9235418674329696,
        "ks": 0.7003486911736339
      },
      "OOT": {
        "auc": 0.9268891305297663,
        "ks": 0.7131283278333089
      }
    },
    "gcard_v6": {
      "DEV": {
        "auc": 0.9364342470676208,
        "ks": 0.7296092953841975
      },
      "OOT-OOS": {
        "auc": 0.9296665096302585,
        "ks": 0.7162446623622785
      },
      "DEV-OOS": {
        "auc": 0.9335425779986268,
        "ks": 0.7195937848017843
      },
      "OOT": {
        "auc": 0.9355616338393068,
        "ks": 0.7341663506924718
      }
    }
  },
  "output_dir": "/root/notebook/自动化建模/jy-model-agent/projects/2026-05-fujie-gcard-v1/runs/model_eval"
}