intent_level,n_samples,total_principal,total_overdue,amount_overdue_rate,head_risk_count,head_risk_rate
低意愿,324572,969043.6,30184.540000000005,0.03114879454340342,4,1.2e-05
中意愿,324571,18816425.1,376316.66000000003,0.019999370656225236,112,0.000345
高意愿,324572,343827905.62,10938223.04,0.03181307526588306,4103,0.012641
