intent_level,1,2,3,4,5,6,7
中意愿,0.037904,0.038613,0.03331,0.032455,0.020843,0.020898,0.027791
低意愿,0.0,0.001112,0.001265,0.001895,0.002427,0.002825,0.002847
高意愿,0.404345,0.433413,0.422563,0.453437,0.401952,0.446566,0.500497
