label,count,ratio
0,8098933,0.8436388541666666
1,1501067,0.15636114583333333
