segment,count,ratio
B2,6418334,0.6685764583333333
E3,2824829,0.2942530208333333
E2,356837,0.03717052083333333
