label,count,ratio
0,821607,0.843785912715733
1,152108,0.15621408728426694
