score_column,non_null_count,null_count,mean,available
model_score,973715,0,0.15477958411298468,True
gcard_v2,973383,332,0.16488010934347677,True
gcard_v4,973696,19,0.13121816157911173,True
gcard_v5,973715,0,0.14303524792194366,True
gcard_v6,973715,0,0.15555217984329933,True
