segment,count,ratio
B2,650963,0.6685354544194143
E3,286621,0.2943582054297202
E2,36131,0.0371063401508655
